Date,MRKT,S5AUCO INDEX,S5CODU INDEX,S5HOTR INDEX,S5MEDA INDEX,S5RETL INDEX,S5FDSR INDEX,S5FDBT INDEX,S5HOUS INDEX,S5ENRSX INDEX,S5BANKX INDEX,S5DIVF INDEX,S5INSU INDEX,S5REAL INDEX,S5HCES INDEX,S5PHRM INDEX,S5CPGS INDEX,S5COMS INDEX,S5TRAN INDEX,S5SFTW INDEX,S5TECH INDEX,S5SSEQX INDEX,S5MATRX INDEX,S5TELSX INDEX,S5UTILX INDEX
9/29/1989,349.15,85.26,78.07,72.39,82.19,67.52,73.61,60.52,49.22,82.42,92.05,69.9496,80.34,,77.54,65.97,68.87,98.48,89.27,52.2,74.29,28.3,78.8,92.56,95.71
10/31/1989,340.36,79.45,73.72,70.57,78.39,64.9,71.65,60.59,50.62,82.92,81.88,68.7779,83.03,,77.08,66.53,66.14,94.82,79,49.03,71.15,27.24,74.48,91.36,97.11
11/30/1989,345.99,77.31,72.68,71.12,77.68,65.34,73.39,61.93,52.57,85.84,79.27,67.2301,86.28,,81.47,69.59,68.5,94.32,77.85,49.94,69.44,28.57,75.94,93.41,99.53
12/29/1989,353.4,75.95,72.49,70.41,76.24,65.87,73.41,63.31,55.81,91.62,77.78,63.3699,82.54,,83.41,69.91,70.3,97.84,79.54,50.77,67.67,28.39,78.08,99.89,103.76
1/31/1990,329.08,73.07,66.77,61.04,69.39,63.06,67.84,56.86,51,88.24,69.09,56.3498,74.54,,75.72,65.58,67.91,88.97,73.23,47.86,68.68,28.46,72.01,86.98,98.43
2/28/1990,331.89,77.19,67.05,60.53,69.58,64.37,66.31,55.99,50.24,89.81,72.12,58.3219,75.86,,75.68,63.46,69.33,88.93,77.64,50.62,71,30.68,72.44,86.51,97.43
3/30/1990,339.94,78.97,70.56,59.46,68.9,68.36,69.71,59.17,53.36,90.07,68.53,57.484,74.38,,76.83,65.77,72.27,93.34,79.69,52.41,73.67,32.14,73.57,90.85,95.7
4/30/1990,330.8,74.99,67.03,54.54,67.16,66.72,69.31,60.2,53.27,86.62,65.29,57.8371,69.47,,73.03,66.45,70.74,92.77,76.59,48.42,73.51,31.49,69.91,87.53,90.36
5/31/1990,361.23,80.28,72.42,62.56,74.86,75.26,77.18,65.73,60.38,91.94,73.03,65.9565,77.46,,82.79,74.92,76.05,101.34,80.06,55.12,82.56,38.58,75.15,95.02,94.71
6/29/1990,358.02,77.81,71.84,62.48,73.38,76.42,79.82,67.88,63.35,89.83,68.65,67.1518,74.97,,87.15,78.08,75.14,104.37,78.84,56.1,80.72,37.74,72.67,89.1,94.69
7/31/1990,356.15,74.61,69.03,55.48,67.62,72.68,79.8,68.48,64.55,98.24,62.64,64.5719,74.2,,87.15,80.79,74.56,101.2,76.52,44.43,75.88,35.02,74.99,85.3,94.89
8/31/1990,322.56,63.67,61.85,48.23,60.53,62.94,72.81,64.27,57.81,95.89,55.48,54.2877,65.48,,81.53,74.38,64.87,91.12,66.16,39.26,66.33,29.02,66.51,77.28,87.41
9/28/1990,306.05,56.9,56.24,41.7,57.49,57.36,69.03,62.38,54.06,93.06,46.8,47.1202,58.93,,80.06,71.22,59.72,81.07,61.15,33.54,64.13,27.13,61.51,79.98,88.08
10/31/1990,304,55.19,54.32,40.5,54.86,55.66,67.82,65.37,59.08,89.97,41.56,43.2733,55.68,,81.44,72.35,57.95,79.47,59.63,33.49,61.26,24.6,59.5,83.47,95.43
11/30/1990,322.22,56.15,60.84,44.62,60.82,62.39,71.51,68.93,61.61,91.61,49.28,48.0129,66.06,,88.55,79.07,61.54,80.14,63.17,39.06,66.77,26.15,63.8,82.53,96.33
12/31/1990,330.22,55.19,62.99,46.55,64.02,63.85,75.51,71.4,64.46,90.34,52.1,50.7861,69.01,,90.86,80.34,64.33,84.3,67.03,38.55,69.87,27.81,67.2,82.24,96.17
1/31/1991,343.93,57.47,68.88,46.09,70.2,71.24,80.7,73.74,61.67,88.08,56.02,56.0134,72.6,,97.04,82.69,69.65,93.13,75.58,41.39,79.25,30.85,70.58,81.24,94.09
2/28/1991,367.07,63.58,74.43,53.5,71.58,76.21,85.21,81.74,63.79,95.48,62.87,62.5788,78.62,,103.97,90.57,72.89,101.29,78.1,45.25,82.73,33.25,73.34,83.13,97.63
3/29/1991,375.22,62.56,77.15,57.86,71.93,82.22,93.22,86.33,65.55,95.4,65.6,67.7035,83.11,,111.89,94.45,73.73,100,75.87,47.4,79.21,32.54,73.08,84.53,98.89
4/30/1991,375.35,60.47,76.35,56.66,73.76,84.85,92.34,84.44,64.3,97.83,70.14,66.7618,78.6,,109.63,94.13,73.1,100.05,79.38,49.98,75.79,35.1,75.26,84.26,97.89
5/31/1991,389.83,70.19,78.77,60.67,75.38,93.03,92,87.48,65.71,96.15,75.17,70.8914,79.21,,112.83,97.89,79.43,105.03,86.2,51.36,78.25,38.29,82.25,82.85,97.31
6/28/1991,371.16,68.2,74.54,55.6,69.29,88.09,90.03,82.86,60.59,91.54,68.91,65.6181,75.8,,105.3,94.16,75.88,97.23,80.72,49.2,71.24,33.46,79.93,82.78,94.37
7/31/1991,387.81,66.84,79.48,56.29,70.97,94.14,89.01,88.67,64.34,96.82,74.18,73.6133,74.89,,113.34,101.58,75.94,101.03,85.22,48.61,74.41,33.16,82.93,84.27,97.96
8/30/1991,395.43,63.59,82.76,55.82,70.51,99.8,88.4,94.28,66.19,96.98,80.61,75.0258,73.98,,114.47,104.51,76.96,102.79,85.8,49.96,73.7,34.43,82.31,84.57,100.7
9/30/1991,387.86,62.13,83.75,57.9,69.11,95.04,81.59,90.45,66.98,95.7,78.69,77.5159,73.36,,111.47,102.96,74.23,99.33,86.05,50,72.46,29.63,79.4,83.58,104.08
10/31/1991,392.46,60.29,84.85,58.34,69.99,90.9,81.93,90.41,66.48,97.09,79.06,72.7331,78.34,,113.83,108.43,75.22,98.98,93.08,51.25,72.17,30.91,81.59,84.94,105.3
11/29/1991,375.22,54.18,82.89,55.76,64.41,91.76,76.29,90.93,66.5,88.8,71.13,67.5493,76.57,,107.49,105.48,70.45,95.79,84.51,48.18,68.93,30.07,74.8,81.31,106.79
12/31/1991,417.09,57.56,94.59,61.84,73.34,103.97,85.69,104.49,78.57,92.5,81.25,79.3385,86.62,,125.71,122.24,78.82,106.52,97.53,57.74,71.44,34.51,81.67,88.73,111.55
1/31/1992,408.79,62.69,97.39,69.63,75.95,102.12,84.2,99.81,80.08,87.82,83.42,75.9706,81.43,,118.95,113.27,79.26,110.97,95.26,59.65,75.88,40.94,83.01,84.4,104.68
2/28/1992,412.7,71.73,96.43,67.5,81.71,105.17,86.75,99.69,78.89,86.16,90.58,75.1558,80.82,,112.48,112.15,80.97,111.87,100.51,62,79.38,42.5,85.08,81.95,102.34
3/31/1992,403.69,72.99,92.02,66.7,80.48,103.86,86.43,98.18,78.51,83.35,87.32,76.6543,79.23,,107.44,106.29,79.4,104.45,97.85,58.1,75.61,39.06,85.45,81.93,101.53
4/30/1992,414.95,81.86,90.1,71.35,82.29,99.67,85.51,98.84,80.09,91.84,90.93,74.8927,78.08,,107.13,105.7,80.83,107.09,101.61,56.95,76.98,39.83,90.45,88.49,104.13
5/29/1992,415.35,79.87,87.46,73.11,83.6,100.22,84.57,100.12,80.69,94.24,92.94,76.035,78.94,,108.71,105.43,80.14,103.16,100.94,56.99,75.45,38.9,89.73,85.72,106.44
6/30/1992,408.14,84.18,84,71.48,82.47,99.32,84.41,97.43,76.99,91.56,93.73,76.2107,82.87,,106.41,99.92,78.15,98.12,96.63,53.12,74.84,39.07,87.35,87.09,106.37
7/31/1992,424.21,83.08,89.65,70.03,82.23,103.73,88.14,102.78,82.18,95.59,93.1,80.9264,87.15,,109.69,106.59,79.45,103.74,96.73,57.53,75.85,42.56,88.57,92.77,113.44
8/31/1992,414.03,73.41,87.73,67.95,80.53,104.55,88.55,104.12,81.15,97.47,87.75,76.9838,85.33,,105.84,102.65,76.81,100.67,89.46,54.78,70.08,41.71,83.69,91.56,111.24
9/30/1992,417.8,71.99,90.25,71.53,81.4,108.57,91.81,104.84,83.97,97.22,89.2,78.9697,91.06,,100.66,96.94,79.7,104.28,92.79,60.56,69.67,45.47,83.75,92.75,111.46
10/30/1992,418.68,72,90.11,74.21,81.61,112.99,94.56,103.37,86.86,92.47,91.41,79.7071,93.84,,103.89,99.35,78.59,105.8,98.66,64.36,68.43,49.1,85.14,91.74,110.64
11/30/1992,431.35,77.61,96.12,79.99,87.52,120.37,102.05,105.37,86.27,89.62,97.95,87.0939,96.73,,107.23,101.78,81.82,112.06,103.73,66.48,72.13,51.86,86.8,93.73,109.55
12/31/1992,435.71,79.38,94.3,80.12,89.28,120.18,102.2,104.64,85.08,90.33,102.59,90.361,99.83,,108.86,99.24,84.3,113.06,103.9,67.73,69.6,56.08,87.55,98.5,111.94
1/29/1993,438.78,87.88,98.82,82.02,94.16,120.6,100.42,102.56,81.88,92.42,106.75,92.2811,102.61,,104.49,90.46,84.79,111.38,107.53,73.03,74.46,62.92,87.67,99.25,115.16
2/26/1993,443.38,87.73,97.4,82.87,94.09,119.82,96.93,99.86,87.54,96.7,110.09,93.4672,103.14,,93.91,84.37,86.21,108.95,106.04,72.75,77.54,69.46,88.6,105.85,122.06
3/31/1993,451.67,92.53,100.45,88.29,95.73,121.59,101.66,99.23,87.79,100.25,113.7,99.0651,105.94,,94.69,84.88,89.14,107.87,108.49,75.28,76.54,72.65,88.74,108.29,123.2
4/30/1993,440.19,96.76,95.77,82.45,89.97,108.8,96.33,88.59,83.4,101.58,107.36,98.0618,104.26,,84.6,88.5,90.84,102.54,109.45,70.46,74.09,69.73,90.65,105,122.5
5/31/1993,450.19,96.79,98.86,86.77,95,115.23,100.73,90.56,82.39,102.79,106.29,99.2068,103.57,,90.55,89.59,92.72,106.5,109.89,74.77,81.36,78.88,92.17,108.38,121.67
6/30/1993,450.53,100.45,93.78,85.82,92.75,110.15,98.44,89.61,84.73,101.7,111.31,108.3253,105.51,,91.39,85.54,94.28,103.73,108.34,76.74,78.38,81.38,89.65,113.79,125.37
7/30/1993,448.13,103.13,95.73,90.41,92.67,110.93,98.07,86.8,79.31,102.61,111.97,109.7666,109.85,,86.02,78.67,94.93,100.26,113.75,72.8,73.42,81.06,89.9,115.27,127.79
8/31/1993,463.56,101.18,101.68,96.94,97.54,113.5,102.54,90.11,81.46,105.9,112.51,114.0121,114.72,,86.26,82.13,98.22,103.8,116.93,73.98,80.09,93.02,92.01,119.78,132.06
9/30/1993,458.93,101.65,98.53,97.12,97.23,112.83,96.48,87.69,80.67,106.69,116.54,115.8508,113.23,,84.86,81.27,97.01,99.31,114.43,78.85,79.34,97.85,88.09,117.67,130.27
10/29/1993,467.83,112.48,103.2,103.46,108.23,118.1,99.33,93.39,88.3,105.82,107.74,110.6599,108.25,,90.65,85.53,98.15,96.32,118.83,83.74,80.71,92.15,91.57,117.85,127.27
11/30/1993,461.79,114.28,102.92,101.17,105.76,122.53,95.74,93.59,89.95,99.43,105.82,104.786,102.74,,90.45,87.79,97.93,99.18,120.64,87.65,81.04,86.71,93.76,111.15,119.8
12/31/1993,466.45,118.88,102.47,104.98,107.29,114.1,98.9,94,90.8,100.4,109.58,105.1051,102.72,,94.63,88.73,102.51,102.64,121.56,85.12,83.02,85.97,96.79,109.18,120.71
1/31/1994,481.61,128.99,102.84,110.81,108.25,114.94,97.43,93.74,93.23,105.12,114.13,113.7046,106.77,,101.17,88.02,105.93,110.12,129.57,87.9,87.48,91.82,104.47,112.81,119.11
2/28/1994,467.14,121.62,102.58,111.63,105.27,117.74,102.02,92.13,92.18,101.29,108.75,105.9878,100.39,,100.71,81.53,105.2,105.07,121.58,92.13,89.4,97.4,101.46,106.11,111.8
3/31/1994,445.77,113.22,99.64,101.37,99.52,111.45,100.62,88.32,87.17,96.94,105.17,99.6372,95.94,,96.03,76.52,100.93,98.77,113.4,83.67,87.58,96.97,97.11,102.77,105.71
4/29/1994,450.91,112.66,97.81,103.14,98.35,111.93,98.81,90.1,91.73,101.43,109.17,104.7863,96.02,,95.12,79.79,98.75,100.99,114.48,82.3,83.75,87.68,97.03,105.05,106.63
5/31/1994,456.5,110.58,100.04,105.79,100.18,109.15,97.71,88.56,90.96,101.25,115.64,107.3305,101.84,,97.45,85.11,99.44,103.77,112.39,89.07,85.75,90.58,101,106.72,100.8
6/30/1994,444.27,107.48,98.63,96.91,95.85,108.6,92.77,87.32,86.39,98.63,112.29,104.3102,97.83,,93.7,82.78,96.48,101.66,110.18,86.56,79.85,85.73,98.1,107.54,97.21
7/29/1994,458.26,111.58,102.44,94.6,99.45,109.62,94.58,90.53,90.24,103.35,114.32,106.7552,100.39,,97.92,83.01,100.53,105.26,110.13,85.94,84.87,92.94,102.86,109.16,101.94
8/31/1994,475.49,108.68,106.62,99.68,100.02,112.44,99.57,96.9,96.75,102.07,118.14,113.2963,100.66,,106.57,93.01,102.92,110.67,111.63,93.86,93.79,98.01,108.81,109.53,101.82
9/30/1994,462.69,102.55,102.37,93.91,96.61,108.61,98.42,97.16,95.11,99.06,108.85,103.5091,95.37,,108.52,94.77,98.96,108.15,102.85,93.03,91.72,92.72,108.69,107.25,98.97
10/31/1994,472.35,100.37,102.43,98.36,97.56,109.77,102.23,99.48,99.71,107.07,109.88,105.5927,97.15,,103.96,97.24,100.84,106.67,104.76,102.3,99.52,99.03,104.86,106.35,100.55
11/30/1994,453.69,95.43,98.13,96.66,97.03,107.07,99.04,98.5,98.35,101.22,101.07,99.6735,94.71,,100.75,99,94.51,97.61,99.68,100.12,97.24,98.03,96.62,99.54,100.04
12/30/1994,459.27,100,100,100,100,100,100,100,100,100,100,100,100,,100,100,100,100,100,100,100,100,100,100,100
1/31/1995,470.42,93.67,100.58,109.45,102.55,101.74,101.92,101.91,102.44,101.81,106.46,105.7334,105.66,,107.09,106.17,101.12,104.81,103.66,99.15,100.22,103.58,96.04,104.64,106.19
2/28/1995,487.39,98.06,105.49,111.67,106.89,103.48,105.52,104.66,105.59,104.99,113.29,112.0451,108.12,,106.81,107.82,106.65,107.32,110.98,107.14,106.37,111.41,102.21,105.24,106.29
3/31/1995,500.71,100.33,109.12,116.03,106.24,109.41,106.93,107.84,108.75,110.34,111.33,115.3727,109.41,,113.22,109.79,109.85,112.84,114.64,112.41,111.77,115.85,107.65,105.48,103.89
4/28/1995,514.71,101.71,109.35,119.36,105.36,104.23,107.91,110.87,112.51,113.33,116,121.6433,108.97,,108.83,114.68,113.94,113.77,116.58,121.54,124.61,131.04,109,107.74,106.77
5/31/1995,533.4,107.62,113.64,124.26,110.58,108.03,106.96,117.47,114.58,116.72,127.06,128.071,114.89,,109.43,117.9,117.61,112.76,116.17,124.84,129.85,141.78,112.23,106.98,113.77
6/30/1995,544.75,108.52,112.68,127.7,114.22,113.21,112.2,118.98,116.33,112.48,127.16,129.6282,115.07,,113.87,122.8,118.77,117.53,118.7,134.26,142.3,161,116.34,109.92,112.06
7/31/1995,562.06,110,115.76,127.04,121.48,117.01,116.75,119.31,113.62,116.16,131.98,134.5001,114.23,,123.24,127.23,123.16,121.53,130.66,137.3,153.03,175.33,119.47,113.7,111.68
8/31/1995,561.88,112.01,116.16,122.92,120.09,109.44,117.29,118.72,112.72,111.76,139.01,137.039,124.14,,124.53,126.16,121.76,119.77,129.66,137.29,152.52,173.54,118.73,118.85,110.38
9/29/1995,584.41,111.74,117.57,126.98,120.07,112.49,120.34,127.71,121.86,113.88,146.41,148.9386,131.24,,133.94,137.43,124.84,121.58,133.11,135.27,151.9,174.42,119.11,128.35,116.92
10/31/1995,581.5,104.8,118.48,131.03,118.4,99.85,122.27,130.42,127.01,114.05,143.23,140.2541,127.96,,133.58,142.31,123.38,119.65,133.18,148.36,154.56,170.17,111.55,129.28,118.33
11/30/1995,605.37,110.14,123.41,138.75,123.81,109.6,120.9,135.91,135.2,118.48,153.66,149.2468,136.7,,140.35,148.84,133.25,124.34,138.41,146.7,147.04,150.19,118.42,132.2,118.85
12/29/1995,615.93,115.95,126.64,141.39,123.72,107.01,128.35,137.77,134.89,125.97,153.92,152.3834,138.19,,145.3,157.28,137.83,125.36,136.82,140.3,138.18,135.21,117.29,137.33,125.19
1/31/1996,636.02,119.04,131.04,155.34,128.01,103.99,129.67,142.48,137.54,125.77,158.69,166.6604,145.05,,152.91,165.9,144.28,121.41,138.54,151.3,141.5,127.43,124.96,139.65,127.4
2/29/1996,640.43,118.73,129.83,160.07,128.53,109.1,132.87,145.87,135.83,125.98,165.57,163.2834,144.68,,152.44,162.36,145.72,121.98,142.58,156.21,152.15,130.78,124.46,134.29,122.66
3/29/1996,645.5,127.29,134.56,157.71,125.46,119.06,135.25,142.6,136.18,131.95,169.09,167.7975,140.19,,151.87,162.31,149.34,125.07,145.33,158.66,141.09,127.17,132.28,130.56,121.18
4/30/1996,654.17,129.77,139.66,162.2,125.12,123.55,135.49,142.09,136.47,135.39,166.48,163.3041,136.98,,147.89,159.48,150.38,134.02,149.81,170.24,156.56,148.92,132.71,133.53,118.46
5/31/1996,669.12,132.56,143.81,161.78,125.65,131.25,139.27,151.65,142.01,135.86,170.22,164.6526,140.17,,149.11,167.16,154.08,138.38,149.48,174.29,161.48,157.77,130.85,132.79,119.41
6/28/1996,670.63,123.66,144,161.96,124.52,130.01,143.87,157.42,147.69,137.05,168.32,169.7752,145,,147.86,171.35,156.56,131.22,146.62,178.58,152.55,147.15,124.26,133.58,125.39
7/31/1996,639.95,117.9,139.53,152.39,111.14,119.66,135.6,153.1,145.95,131.77,168.66,163.2308,136.62,,135.08,164.59,149.94,123.94,137.94,174.94,143.66,140.85,121.05,122.81,117.08
8/30/1996,651.99,120.66,141.2,153.62,112.42,128.47,143,149.21,147.14,133.55,176.42,165.5162,138.82,,144.27,169.13,154.01,126.15,141.98,176.14,150.12,151.52,124.48,118.71,118.92
9/30/1996,687.31,117.51,148.86,154.07,120.25,130.11,148.3,155.87,161.91,138.27,187.27,179.6357,147.46,,156.63,182.56,164.5,135.21,145.87,195.41,166.59,180.53,129.76,119.75,119.43
10/31/1996,705.27,124.21,150.14,148.64,118.94,130.38,143.88,157.85,168.15,146.67,201.76,189.9145,158.29,,149.92,186.18,167.67,134.89,149.1,197.74,168.36,197.18,130.65,122.11,124.97
11/29/1996,757.02,131.25,153.45,153.85,130.99,132.53,149.66,166.79,176.39,152.91,221.67,208.1841,171.51,,158.99,202.41,180.94,139.11,158.34,225.28,195.7,235.16,136.72,130.17,126.79
12/31/1996,740.74,128.17,150.94,148.18,125.2,123.6,147.94,167.8,176.57,153.35,210.36,203.3574,167.71,,159.83,190.94,177.5,131.31,154.03,216.99,191.06,238.27,132.99,134.33,125.41
1/31/1997,786.16,131.93,161.66,153.48,128.52,122.35,149.35,178.27,187.55,160.9,227.49,218.7075,181.63,,166.6,214.89,182.08,137.93,159.45,244,217.08,296.52,136.34,137.4,125.77
2/28/1997,790.82,131.33,166.06,146.21,131.38,132.52,156.25,187.24,192.52,153.48,238.77,224.123,186.05,,168.45,217.69,182.16,136.81,158.28,235.09,199.72,269.26,139.67,142.8,124.18
3/31/1997,757.12,124.73,151.79,152.47,131.38,133.33,153.19,175.75,181.35,161.04,220.89,203.7246,175.88,,154.46,203.54,176.82,130.61,155.46,221.08,192.14,266.18,133.41,131.11,119.66
4/30/1997,801.34,130.58,154.96,167.6,136.4,136.95,160.66,187.99,200.88,162.6,232.48,224.7423,189.91,,158.89,222.72,188.39,131.26,167.64,274.67,205.86,291.08,136.71,135.28,117.32
5/30/1997,848.28,136.78,162.03,165.08,142.62,145.05,161.96,197.31,213.14,173.21,239.12,239.2943,201.72,,171.11,234.97,202.63,141.19,176.18,288.24,225.73,295.69,144.71,142.84,121.69
6/30/1997,885.14,138.04,165.2,163.06,146.66,155.06,174.52,202.69,220.86,179.41,250.15,252.9582,215.02,,179.84,259.09,216.06,145.83,180.51,294.05,229.37,278.77,149.72,146.64,124.87
7/31/1997,954.29,150.64,165.01,179.96,154.92,172.65,181.5,208.03,235.38,191.49,281.97,285.7322,234.18,,184.38,263.48,231.09,150.3,196.23,329.77,278.4,354.97,162.32,147.59,127.19
8/29/1997,899.47,152.12,155.72,167.8,149.17,164.91,174.36,190.34,205.37,185.25,264.02,260.7904,213.31,,177.12,239.61,215.52,145.03,183.87,316.57,270.29,356.04,154.23,140.99,124.04
9/30/1997,947.28,160.59,160.45,174.13,159.6,172.62,177.41,199.61,214.99,197.44,284.48,286.088,227.9,,176.86,256.78,224.03,155.98,195.85,318.42,281.22,359.76,155.58,153.64,128.79
10/31/1997,914.62,153.47,153.14,166.15,163.81,168.09,188.14,192.23,214.17,192.05,277.98,279.5583,223.03,,167.34,263.01,208.73,139.89,191.01,313.77,248.51,290.38,141.89,157.95,129.59
11/28/1997,955.4,149.55,156.15,174.31,176.45,179.39,203.51,207.03,227.57,188.01,287.53,297.1764,228.85,,178.4,272.66,224.22,144.71,193.58,332.53,251.51,287.3,143.13,179.1,138.57
12/31/1997,970.43,158.55,153.1,171.98,189.35,178,205.28,214.81,237.76,187.1,298.4,316.1366,241.95,,182.1,285.32,222.6,157.91,196.85,301.35,238.35,260.33,141.37,184.21,148.5
1/30/1998,980.28,159.01,157.57,169.14,193.21,180.25,212.93,207.05,236.82,176.88,284.71,316.3665,236.1,,183.03,308.99,226.38,154.43,194.25,334.28,256.25,301.05,140.4,194.08,142.17
2/27/1998,1049.34,179,169.96,185.63,206.12,201.33,230.08,216.65,258.04,188.48,311.97,345.8802,256.33,,198.11,323.71,241.74,164.06,198.93,369.26,282.78,328.57,148.19,194.47,146.22
3/31/1998,1101.75,191.85,172.39,201.05,215.13,218.61,235.72,230.03,262.72,196.39,333.88,358.9841,267.17,,207.52,334.38,253.81,173.77,215.49,402.76,279.2,293.13,156.09,215.2,155.21
4/30/1998,1111.75,192.94,176.1,202.48,227.64,219.95,221.63,222.04,260.32,203.23,340.42,361.506,270.78,,212.5,341.96,252.22,160.24,205.49,398.77,302.1,308.45,161.93,204.12,151.19
5/29/1998,1090.82,214.89,175.89,209.06,218.89,234.85,223.7,226.55,261.71,195.64,329.05,358.7574,264.14,,209.23,334.31,244.55,153.09,196.91,374.63,282.67,265.23,156.75,202.63,149.91
6/30/1998,1133.84,218.52,178.97,211.48,230.26,248.24,244.84,234.98,267.34,193.13,336.49,384.7029,276.43,,214.51,361.63,248.44,158.09,198.99,454.89,298.15,273.83,150.27,206.18,155.08
7/31/1998,1120.67,219.25,173.47,206.51,236.82,241.62,244.99,225.34,247.09,181.92,339,380.1619,274.28,,211.75,364.3,235.2,152.67,191.51,437.38,321.59,306.57,137.71,214.36,146.94
8/31/1998,957.28,172,147.03,175.01,198.76,212.36,230.62,197.14,215.91,160.75,254.12,294.1985,219.69,,174.07,327.86,205.39,129.48,165.31,369.33,267.54,250.83,119.4,194.13,149.61
9/30/1998,1017.01,177.82,141.63,178.72,203.25,202.27,256.42,198.33,204.2,182.77,260.43,299.5502,221.18,,180.3,371.15,211.01,138.2,168.56,432.73,298.68,297.48,126.67,215.5,160.89
10/30/1998,1098.67,197.78,156.41,198.05,215.56,235.3,273.15,224.44,253.37,184.92,285.81,345.3412,248.97,,191.77,382.26,234.65,142.91,181.37,424.32,330.45,325.35,130.96,231.59,157.44
11/30/1998,1163.63,205.64,156,206.4,234.1,260.86,284.48,236.94,254.51,185.45,302.57,378.0287,263.64,,202.46,405.5,243.59,148.84,187.46,477.71,366.92,386.63,135.21,242.11,159.12
12/31/1998,1229.23,212.36,150.96,225.46,257.08,286.83,316.15,233.22,267.05,183.44,309.44,388.1376,262.32,,212.44,422.46,251.41,157.69,190.9,540.35,423,428.1,130.09,274.95,163.39
1/29/1999,1279.64,231.28,149.02,233.42,278.55,299.94,315.86,223.54,269.86,170.06,306.51,420.3325,260.47,,201.84,425.04,253.87,165.72,191.93,648.16,491.06,520.02,127.02,297.53,155.89
2/26/1999,1238.33,218.71,148.8,245.63,282.7,299.76,310.61,211.53,261.28,168.33,307.55,421.0287,272.83,,191.34,434.06,250.13,156.78,195.07,579.42,426.76,443.6,128,289.58,149.3
3/31/1999,1286.37,217.9,155.08,261.16,290.31,320.16,275.31,202.36,283.04,192.89,310.89,452.8439,281.77,,196.46,443.65,262.42,156.93,200.02,680.87,447.46,446.72,131.07,283.23,146.39
4/30/1999,1335.18,236.21,170.02,248.13,308.35,315.97,270.28,207.24,282.99,220.88,333.39,495.9897,284.37,,194.55,408.72,282.55,172.11,226.31,646.26,467.99,450.47,162.59,293.87,158.52
5/31/1999,"1,301.84",220.88,162.77,230.99,295.14,305.91,261.96,212.08,275.74,214.26,310.25,458.8514,285.15,,193.11,394.6,276.13,164.23,212.56,629.23,465.26,421.06,149.87,299.43,167.87
6/30/1999,1372.71,216.82,168.32,245.9,310.38,334.43,277.4,210.18,260.51,216.1,326.55,481.3454,285.15,,197.56,414.25,297.24,173.66,211.52,688.14,526.15,489.42,157.31,319.82,161.45
7/30/1999,1328.72,196,156.54,237.24,301.53,310.31,274.98,205.55,265.06,218.76,302.07,446.9212,277.46,,191.58,388.88,291.82,151.58,199.62,648.35,535.42,546.84,154.81,312.26,159.08
8/31/1999,1320.41,207.1,149.48,231.23,286.56,295.37,242.75,201.19,276.15,221.32,287.91,426.2128,264.07,,188.26,405.69,294.98,139.71,179.43,678.72,571.65,634.95,148.27,281.96,160.04
9/30/1999,1282.71,193.86,138.48,234.75,291.22,304.08,227.22,181.01,239.93,212.33,269.56,420.7258,237.61,,163.83,376.94,294.93,139.42,169.5,697.55,561.08,593.76,143.72,295.08,151.85
10/29/1999,1362.93,202.86,135.99,230.83,314.33,335.6,220,192.28,274.1,209.23,311.46,493.449,278.4,,157.62,430.24,300.97,139.35,185.71,729.36,563.93,630.17,146.87,318.15,153.63
11/30/1999,1388.91,195.18,127.94,239.23,313.23,347.91,221.65,193.18,282.4,212.21,287.2,479.8572,269.51,,169.65,427.24,291.46,135.23,173.74,777.21,639.71,646.74,144.52,330.62,141.63
12/31/1999,1469.25,200.04,130.04,229.6,351.84,393.18,219.7,177.8,292.39,212.72,259.91,494.2367,278.59,,167.03,382.75,323.27,152.69,170.49,979.44,747.86,713.56,159.96,322.81,142.43
1/31/2000,1394.46,197.34,116.6,209.38,354.19,331.73,205.44,166.22,270.62,209.22,253.42,485.3801,257.63,,173.69,406.67,292.97,140.53,156.14,814.05,725.85,811.52,141.06,311.05,157.63
2/29/2000,1366.42,179.28,99.43,169.59,343.96,318.54,189.96,150.54,236.26,196.1,222.13,451.5274,215.72,,166.88,358.38,281.56,131.5,145.98,846.34,854.02,1036.84,127.19,285.92,147.16
3/31/2000,1498.58,197.17,109.39,188.62,371.67,365.22,210.02,155.67,200.94,216.62,262.69,517.8174,272.5,,178.31,376.5,324.52,133.43,165.12,933.63,919.12,1128.82,139.59,317.2,151.48
4/28/2000,1452.43,224.67,115.91,193.63,360.35,342.09,221.19,156.44,210.74,214.81,246.72,509.6164,267.98,,188.87,407.71,329.96,137.28,167.43,747.37,876.48,1121.05,133.43,297.44,162.91
5/31/2000,1420.6,190.46,116.06,189.74,349.96,327.92,232.09,178.95,215.17,234.16,272.91,521.3668,288.25,,192.72,432.72,326.39,142,162.05,679.4,780.33,1044.75,129.95,267.73,169.31
6/30/2000,1454.6,168.9,110.14,173.63,354.28,320.12,235.56,182.99,209.4,221.76,233.19,522.3176,279.66,,201.42,472.12,316.94,140.97,160.93,764.29,867.15,1108.97,118.08,271.99,158.71
7/31/2000,1430.83,178.15,107.47,170.67,345.2,315.93,225.08,185.26,199.89,216.69,248.85,581.8349,317.04,,209.68,435.97,320.35,132.47,181.58,685.91,842.62,1039.19,118.74,249.99,169.75
8/31/2000,1517.68,188.51,111.4,170.14,358.83,286.84,227.7,178.78,203.91,232.3,278.35,642.0369,328.94,,220.96,433.25,353.91,141.23,171.02,754.47,939.95,1186.74,120.2,244.03,192.14
9/29/2000,1436.51,180.33,98.95,178.94,333.96,295.14,243.94,186.66,209.03,239.58,283.12,643.7954,354.1,,232.79,454.34,347.89,143.03,169.63,675.61,740.46,785.71,108.23,241.62,209.32
10/31/2000,1429.4,182.95,103.42,184.47,330.94,279.79,278.92,205.9,235.54,234.74,278.6,630.4196,368.4,,242.12,470.25,352.88,151.97,190.78,665.06,686.8,767.25,118.63,246.91,200.92
11/30/2000,1314.95,156.99,101.48,188.49,286.09,281.95,294.75,216.39,240.19,227.71,267.42,573.1451,355.9,,244.08,493.31,332.29,156.5,194.61,536.47,542.11,585.86,114.93,211.6,197.91
12/29/2000,1320.28,156.6,113.6,202.78,278.69,300.72,298.42,224.87,251.22,240.87,299.63,626.5001,371.76,,260.22,502.52,335.78,156.75,199.27,472.94,484.34,543.33,131.61,194.76,216.03
1/31/2001,1366.01,180.21,121.17,199.42,336.67,338.06,278.48,213.36,228.93,233.57,308.47,644.7775,330.52,,239.43,460.83,329.87,157.27,209.8,580.01,562.05,647.6,128.19,222.66,194.83
2/28/2001,1239.94,177.52,116.25,197.44,304.66,307.45,292.29,213.56,231.93,228.33,295.83,575.7606,324.18,,241.48,460.57,324.92,156.27,201.85,488.61,381.78,459.68,129.31,202.63,201.24
3/30/2001,1160.33,173.26,114.12,180.27,281.35,300.8,288.7,202.1,213.39,224.76,295.37,538.2693,322.08,,223.96,425.84,292.57,151.52,199.18,418.67,335.72,438.15,123.42,192.48,199.51
4/30/2001,1249.46,186.45,117.67,187.84,322.73,315.81,291.34,202.35,203.07,247.02,290.39,583.031,330.02,,224.35,439.65,334.14,161.41,204.97,510.45,385.87,534.94,137.19,199.91,210.96
5/31/2001,1255.82,176.9,122.19,199.9,336.47,323.09,280.59,207.43,211.71,247.37,306.47,599.3549,341.35,,223.54,445.59,342.29,169.02,213.53,509.88,358.64,475.12,142.17,196.71,203.44
6/29/2001,1224.42,184.28,123.9,195.79,328.9,315.38,252,202.5,210.44,230.56,305.97,592.0529,348.47,,232.32,416.14,326.48,168.08,203.81,556.88,349.74,491.28,135.94,188.1,186.9
7/31/2001,1211.23,191.67,125.77,200.08,298.84,341.07,249.29,201.81,220.07,226.74,311.83,573.4427,333.59,,242.46,439.15,310.65,171.85,202.86,500.39,336.35,493.97,136.12,195.94,178.08
8/31/2001,1133.58,161.77,125.8,196.1,261.34,303.94,255.13,211.21,228.07,217.88,298.84,523.7547,317.62,,238.3,420.45,295.69,167.91,192.83,413.11,301.52,461.78,134.56,177.75,172.46
9/28/2001,1040.94,133.89,106.21,161.71,222.58,277.3,235.94,208.29,227.38,203.11,284.72,469.4385,316.45,,237.63,428.5,260.12,146.16,163.65,365.14,231.7,318.38,119.34,187.82,152.15
10/31/2001,1059.78,131.48,113.86,165.91,221.11,289.57,224.83,208.93,226.1,209.52,262.17,488.5406,306.44,92.68,226.92,430.44,264.15,150.05,172.44,417.39,275.49,386.71,122.17,162.41,151.43
11/30/2001,1139.45,154.85,121.49,179.99,252.05,331.08,235.49,210.28,236.27,200.73,282.28,521.729,326.04,96.91,243.5,447.93,285.75,169.01,194.23,463.97,330.17,481.77,136.35,165.33,142.61
12/31/2001,1148.08,146.57,127.18,188.76,247.81,350.64,229.62,211.96,239.67,211.3,291.13,537.5161,322.43,97.15,248.03,427.42,297.38,180.64,196.97,478.86,316.24,469.06,132.93,168.11,145.88
1/31/2002,1130.2,150.42,131.56,198.32,226.01,358.36,233.93,213.03,244.13,207.27,294.57,521.23,311.11,92.77,248.37,421.65,276.49,175.96,210.79,480.39,322.14,511.45,135.43,154.42,137.2
2/28/2002,1106.73,153.99,139.01,197.98,233.83,355.74,249.06,221.1,251.76,215.44,293.38,495.4,318.67,93.31,239.34,427.29,284.32,174.92,219.95,435,270,437.47,142.16,144.47,133.54
3/29/2002,"1,147.39",167.07,140.86,212.08,236.86,356.6,256.62,227.9,261.5,229.74,314.43,545.56,318.54,96.29,253.03,421.61,285.88,185.88,219.11,439.48,293.74,488.29,146.84,141.35,149.43
4/30/2002,1076.92,166.94,142.33,217.74,215.92,343.06,251.85,235.86,261.79,218.01,320.39,502.6,315.92,94.13,258.44,385.15,256.73,174.54,198.76,371.28,261.64,442.44,139.76,118.82,146.44
5/31/2002,1067.14,169.87,143.1,214.83,220.05,336.94,250.2,239.68,261.05,218.21,323.65,503.24,305.2,97.18,259.46,374.1,257.78,172.82,199.72,349.21,253.91,415.32,146.21,123.14,132.79
6/28/2002,989.81,153.42,139.71,203.68,182.36,324.07,227.94,223.2,253.99,217.58,310.49,466.55,297.51,97.62,243.04,335.91,242.61,159.05,199.08,357.93,206.9,307.88,142.94,107.67,122.93
7/31/2002,911.62,134.67,127.18,184.88,160.7,283.32,213.7,210.44,250.42,189.85,294.62,413.69,276.15,89.71,231.39,331.82,241.08,140.4,176.37,320.72,191.86,289.44,126.83,93.67,105.54
8/30/2002,916.07,132.62,127.94,181.25,168.08,292.97,210.23,214.24,251.49,188.98,304.54,426.63,269.76,90.79,232.92,335.8,232.92,142.65,174.27,323.79,187.15,257.83,125.93,92.02,108.8
9/30/2002,815.28,114.13,115.56,163.43,160.92,264.54,186.53,194.26,246.77,172.62,272.76,367.08,239.81,83.37,226.42,309.65,202.02,124.05,164.25,276.67,151.11,207.72,109.47,79,94.42
10/31/2002,885.76,104.47,123.64,164.64,179.28,282.88,199.66,203.35,245.47,177.56,286.26,416.98,260.37,80.17,220.95,337.32,208.13,136.63,165,340.63,184.05,257.48,114.94,104.18,92.37
11/29/2002,936.31,118.98,129.61,170.69,190.11,291.87,189.15,198.5,237.31,183.19,287.87,445.04,272.15,84.85,214,352.18,223.55,141.43,171.53,377.57,221.65,314.08,128.39,116.67,94.25
12/31/2002,879.82,108.21,124.28,157.45,169.71,267.36,186.98,199.03,239.14,183.13,279.83,412.99,252.88,82.48,213.54,335.54,211.14,134.26,169.95,338.01,184.78,236.91,122.69,107.78,97.76
1/31/2003,855.7,104.77,118.47,151.98,170.5,252.86,182.61,189.32,234.88,178.38,279.05,402.63,244.78,79.35,215.41,332.35,200.47,127.99,162.62,325.88,183.72,232.14,116.56,100.25,94.5
2/28/2003,841.15,97.03,118.01,146.52,166.72,255.99,170.75,184.17,230.79,181.06,274.04,390.66,228.91,80.96,214.99,323.97,198.84,123.09,155.65,325.79,190.71,255.06,113.1,91.87,89.48
3/31/2003,848.18,92.74,120.43,154.88,162.78,272.44,170.24,176.21,246.14,183.11,264.02,397.31,229.81,82.25,214.96,338.61,200.72,125.52,158.26,326.41,186.91,247.21,113.06,91.53,93.6
4/30/2003,916.92,109.13,128.48,169.24,187.33,299.59,178.15,181.65,250.77,182.22,289.4,453.15,260.31,85.72,218.28,352.14,223.09,136.42,174.4,348.96,206,281.44,123.44,99.75,101.51
5/30/2003,963.59,108.66,134.64,182.97,195.16,318.63,173.23,202.59,260.45,197,302.75,485.54,267.96,88.5,232.46,352.61,226.79,152.06,178.22,360.58,227.84,320.09,126.92,106.44,111.5
6/30/2003,974.5,110.36,130.87,194.31,195.38,327.08,175.46,206.74,253.73,194.82,301,496.67,261.96,88.53,238.51,369.51,231.52,154.41,177.06,365.7,229.2,307.19,127.76,110.25,112.45
7/31/2003,990.31,117.34,130.2,205.29,195.74,337.11,181.19,201.16,247.12,189.91,306.29,524.57,279.33,93.78,243.64,359.3,239.51,158.75,177,373.48,239,351.92,137.78,103.49,104.79
8/29/2003,1008.01,125.04,135.23,206.89,199.97,367.76,191.49,199.64,250.5,200.67,304.15,521.6,270.59,94.41,243.02,340.88,251.49,161.49,178.92,386.85,244.95,405.98,141.73,103.49,106.26
9/30/2003,995.97,120.76,131.49,210.64,188.1,344.39,182.03,202.13,259.2,195.65,304.5,531,267.52,95.39,243.01,342.37,242.91,158.8,178.3,388.5,249.59,378.59,135.01,99.12,110.76
10/31/2003,1050.71,128.26,145.32,225.02,200.89,384.85,192.58,212.24,267.12,197.23,330.16,562.88,280.77,96.91,251.09,341.14,253.68,167.57,198.72,388.07,271.24,457.33,147.31,103.58,111.65
11/28/2003,1058.2,131.78,148.87,231.48,201.02,385.62,188.45,219.99,267,196.96,332.85,554.98,277.65,96.8,262.1,342.14,256.14,179.35,198.46,386.81,275.79,475.14,150.35,102.27,111.24
12/31/2003,1111.92,153.23,152.41,237.96,216.03,380.06,183.47,228.45,276.99,224.14,343.51,577.36,301.93,99.63,272.51,364.21,278.34,182.39,201.92,412.9,284.94,456.49,165.34,111.32,118.39
1/30/2004,1131.13,148.89,153.94,247.65,211.97,375.11,184.48,227.66,277.83,226.94,349.41,597.13,314.89,103.09,285.57,371.07,284.38,184.49,192.82,415.73,308.35,452.9,157.38,115.43,120.58
2/27/2004,1144.94,145.41,161.36,259.63,206.79,397.26,199.54,238.11,289.75,236.04,353.6,613.92,328.98,103.59,284.87,375.04,281.02,183.23,190.86,399.87,299.22,438.76,165.03,117.72,122.4
3/31/2004,1126.21,143.7,164.04,265.91,202.24,399.85,195.74,236.49,294.3,234.45,346.84,613.24,322.02,107.11,288.85,350.74,274.41,191.2,190.64,389.4,294.04,418.6,161.57,115.95,123.31
4/30/2004,1107.3,150.02,155.62,258.02,200.98,390.5,192.1,241.79,303.56,238.31,333.92,563.59,320.16,93.02,295.17,362.88,274.1,189.2,190.75,393.68,273.73,380.76,153.76,115.28,118.48
5/31/2004,"1,120.68",146.66,157.5,258.6,198.14,403.35,189.54,234.24,310.07,238.54,347.35,562.06,321.72,99.42,293.4,362.02,280.81,190.61,195,402.62,286,420.02,157.05,110.55,119.04
6/30/2004,1140.84,153.09,161.01,265.77,196.63,401.23,185.76,237.45,313.12,250.82,347.46,564.07,323.39,101.11,300.21,356.33,297.97,196.28,206.87,426.94,294.25,408.81,164.75,113.9,120.51
7/30/2004,1101.72,146.47,156.12,265.8,186.17,383.73,183.32,220.51,295.87,259.15,348.73,536.29,315.45,100.09,275.1,341.98,294.29,183.13,199.24,405.33,273.73,355.87,161.11,117.46,122.21
8/31/2004,1104.24,142.88,159.09,258.62,184.52,388.92,181.37,224.26,313.98,255.56,362.28,557.75,316.49,108.59,275.31,349.69,293.07,178.1,202.25,390.76,262.74,314.3,163.63,118.8,126.64
9/30/2004,1114.58,142.37,165.86,274.24,183.98,407.91,181.29,214.58,300.93,276.95,355.9,554.73,314.76,105.73,290.38,331.41,298.88,178.47,209.11,408.51,269.68,314.69,169.66,120.18,127.41
10/29/2004,1130.2,133.35,167.39,289.42,194.76,428.79,185.02,219.57,287.6,278.66,363.56,566.45,292.82,112.66,283.07,324.55,299.89,174.51,223.88,424.98,282.52,342.85,168.27,121.26,133.32
11/30/2004,1173.82,139.98,176.01,305.99,198.45,448.04,184.83,229.52,298.48,294.61,371.89,579.3,306.76,114.86,301.7,321.09,317.2,186.13,234.69,446.97,299.92,345.67,180.96,126.07,138.34
12/31/2004,1211.92,145.81,185.79,327.58,208.6,461.99,188.19,240.71,310.92,288.63,380.87,611.42,319.8,121.4,319.69,338.47,324.73,191.26,241.47,456.3,309.69,356.96,183.18,129.1,141.6
1/31/2005,1181.27,135.22,183.16,319.09,202.21,434.09,187.68,245.05,315.49,296.47,369.72,599.75,316.19,110.82,322.42,319.93,319.29,187.63,221.04,438.22,290.4,337.6,177.46,119.29,144.31
2/28/2005,1203.6,131.84,187.74,314.8,198.42,436.58,186.59,246.57,315.25,350.68,362.32,590.85,323.11,115.86,330.45,329.95,319.43,187.37,227.61,423.4,288.28,365.31,190.91,120.06,146.73
3/31/2005,1180.59,116.4,183.75,311.02,200.97,430.05,184.07,243.42,314.8,337.88,351.73,571.583,298.84,113.21,327.96,328.35,322.57,180.91,224.28,416.13,283.01,349.1,185.5,117.99,147.89
4/29/2005,1156.85,100,172.37,296.07,191.08,397.84,175.9,244.49,314.39,319.92,355.03,569.024,291.73,119.15,335.4,341.44,314.21,175.81,211.61,414.15,262.36,339.83,172.44,118.15,152.21
5/31/2005,1191.5,111.47,182.66,317.38,192.8,434.69,181.52,248.8,318.58,324.28,362.89,572.804,311.73,122.7,341.16,342.45,320.31,181.93,218.3,432.84,283.81,381.53,170.4,119.56,151.9
6/30/2005,1191.33,114.94,191.83,314.1,185.79,440.94,185.14,239.83,306.76,343.01,361.86,582.668,320.04,126.93,347.29,336.6,311.36,183.83,206.66,423.09,280.11,374.37,167.01,121.1,160.23
7/29/2005,1234.18,123.08,199.45,323.98,190.16,484.18,190.95,245.66,318.3,362.63,360.97,586.378,333.21,138.36,354.28,344.75,319.46,189.42,222,433.71,299.87,407.84,175.91,124.88,163.52
8/31/2005,1220.33,116.86,189.26,310.73,192.08,453.52,178.28,247.72,317.2,381.12,350.49,582.669,324.91,130.93,359.39,338.74,312.51,183.16,214.5,444.14,295.54,398.61,168.26,120.54,164.27
9/30/2005,1228.81,109.65,183.31,306.08,187.13,438.82,174.76,251.49,328.48,403.96,336.65,603.65,338.17,130.15,360.15,334.91,314.35,185.42,222.8,436.62,302.71,394.62,169.25,118.72,170.43
10/31/2005,1207.01,101.46,175.18,303.73,179.61,443.55,180.29,251.78,312.97,366.02,348.76,621.71,347.69,127.67,357.84,319.75,308.37,179.87,230.97,444.31,296,362.48,170.07,116.25,159.46
11/30/2005,1249.48,98.32,186.34,325.47,183.39,461.77,184.22,249.77,320.07,370.95,362.1,649.56,363.67,132.95,367.34,318.28,325.14,185.83,247.34,460.36,313.3,405.79,182.1,121.96,158.37
12/30/2005,1248.29,94.97,186.57,326.94,180.7,457.09,178.49,249.85,324.68,372.73,362.75,655.56,359.82,130.33,375.28,331.62,325.23,183.95,249.84,446.92,304.43,392.53,187.12,117.42,159.66
1/31/2006,1280.08,100.47,188.09,334.83,184.3,461.52,177.84,247.63,329.13,424.36,363.98,670.03,352.6,140.35,376.74,338.55,320.62,185.57,259,461.25,320.3,388.19,195.87,121.24,163.4
2/28/2006,1280.66,94.24,188.26,337.68,185.09,470.31,178.33,250.45,333.45,389.8,371.66,683.22,355.78,143.25,375.78,343.46,329.22,189.32,261.72,447.24,322.89,382.49,191.66,129.19,164.49
3/31/2006,1294.83,96.08,190.33,340.67,183.22,474.26,183.37,250.72,326.18,404.78,368.17,694.06,350.77,148.47,369.55,339.81,343.42,195.48,277.43,453.36,335.52,373.86,199.86,133.14,156.4
4/28/2006,1310.61,95.51,183.76,348.42,190.9,475.18,177.35,256.01,331.69,425.48,390.23,719.04,362.61,143,348.14,334.41,350.58,204.03,279.38,440.35,330.31,385.92,206.93,129.26,158.61
5/31/2006,1270.09,100.07,171.23,334.41,196.07,457.58,180.78,261.4,318.24,411.95,375.69,688.18,348.96,139.82,340.37,326.8,345.26,193.36,275.06,408.98,310.06,348.52,197.99,125.37,160.4
6/30/2006,1270.2,102.81,166.84,340.81,195.42,452.1,187.77,260.79,322.88,420.35,373.68,680.28,345.2,146.39,334.22,330.19,340.75,189.53,282.89,418.66,295.77,340.52,197.79,131.25,163.8
7/31/2006,1276.66,103.36,161.22,322.1,194.46,425.31,181.4,274.59,323.06,441.21,381.7,699.14,348.71,153.47,348.19,350.19,328.88,176.4,246.56,406.8,283.69,323.7,190.88,136.79,171.69
8/31/2006,1303.82,105.64,165.7,325.56,197.1,435.7,184.86,281.83,346.64,423.25,381.65,702.28,356.85,155.92,362.53,356.92,334.13,180.84,243.24,428.58,312.74,354.43,196.03,138.36,175.65
9/29/2006,1335.85,110.63,176.08,350.12,205.89,471.39,190.27,274.19,351.53,411.38,393.17,738.8,368.24,160.65,357.47,367.41,345.76,188.53,255.66,450.71,323.91,363.93,195.56,143.89,172.33
10/31/2006,1377.94,118.71,185.42,370.64,220.8,500.35,191.46,280.43,358.92,429.74,398.51,758.55,373,172.57,355.01,371.03,351.06,196.79,269.31,479.74,335.23,366.91,207.05,148.87,181.5
11/30/2006,1400.63,115.54,194.67,378.55,222.87,498.9,181.18,281.77,358.61,464.36,393.28,755.16,382.12,180.3,357.91,366.67,359.85,199.92,270.98,490.56,350.27,373.41,215.61,148.38,184.9
12/29/2006,1418.3,116.28,195.14,387.45,233.66,499.89,188.71,285.82,365.49,455.53,407.26,791.51,393.41,178.23,374.66,364.45,365.49,200.59,263.76,481.4,349.75,360.66,216.56,155.15,186.6
1/31/2007,1438.24,122.45,200.44,390.49,238.42,520.8,194.08,289.61,372.58,447.11,402.91,803.39,387.88,195.57,388.36,374.21,369.49,208.61,267.72,496.29,352.22,361.76,226.25,159.95,185.9
2/28/2007,1406.82,120.34,197.51,379.4,225.77,513.15,192.59,283.05,366.81,436.83,397.5,759.41,385.76,187.83,387.72,360.23,364.41,199.48,264.27,475.58,340.38,361.53,230.84,158.88,194.77
3/30/2007,1420.86,118.2,193.53,381.63,225.48,507.83,194.39,290.67,365.93,463.37,387.33,758.6,386.45,181.85,392.04,359.14,368.77,193.65,264.64,480.52,345.8,348.91,234.71,165.02,202.34
4/30/2007,1482.37,124.27,203.22,390.75,229.89,516.7,197.69,303.07,374.9,487.5,396.7,796.69,405.38,180.27,405.76,391.26,386.97,200.2,275.31,499.87,363.54,382.13,239.23,165.13,210.7
5/31/2007,1530.62,126.2,208.71,404.45,236.77,529,200.74,309.77,369.98,520.75,402.53,812.34,416.11,182.43,415.66,394.07,404.27,208.46,287.44,516.07,383.17,386.72,252.14,181.06,211.29
6/29/2007,1503.35,137.84,198.91,394.95,233.06,515.67,197.52,304.67,355.08,529.71,386.81,776.14,405.21,163.54,403.21,378.7,405.47,208.99,280.9,508.55,386.85,404.1,250.1,176.21,200.1
7/31/2007,1455.27,126.22,184.99,384.05,220.05,481.09,191.02,294.44,357.85,533.45,355.51,715.05,371.6,152.64,387.96,360.74,410.22,199.66,285.96,491.98,393.83,402.6,244.38,171.12,192.46
8/31/2007,1473.99,120.56,177.97,392.7,217.32,496.3,192.68,302.47,370.72,536.35,366.91,712.09,377.84,160.19,399.98,367.35,412.68,190.16,277.99,494.84,410.47,415.94,242.48,170.99,195.99
9/28/2007,1526.75,127.61,175.43,410.11,215.17,471.59,197.81,313.24,396.58,579.47,358.55,733.16,393.06,167.23,409.32,379.3,436.3,189.46,277.38,520.96,425.38,420.26,260.99,178.61,202.43
10/31/2007,1549.38,137.28,173.7,432.74,211.07,460.75,199.22,321.32,399.23,585.46,335.66,735.51,381.28,168.18,407.01,391.08,431.52,189.16,283.11,594.22,447.35,412.48,271.42,175.99,215.81
11/30/2007,1481.14,117.58,161.27,410.57,202.82,433.64,198.93,331.67,419.26,562.13,300.91,670.73,367.51,151.55,416.21,391.74,415.61,173.92,275.21,550.65,404.78,388.93,257.59,163.23,216.03
12/31/2007,1468.36,107.36,152.2,394.33,194.65,409.94,197.26,326.79,414.41,603.04,274.74,627.34,362.97,141.71,423.17,370.33,413.74,171.71,267.14,565.46,405.76,397.02,259.84,168.26,216.11
1/31/2008,1378.55,105.99,155.76,380.36,183.61,423.47,195.85,307.57,379.2,537.15,290.09,624.64,340.43,140.56,406.25,350.38,388.44,166.03,277.55,500.21,354.94,338.23,249.38,151.63,201.06
2/29/2008,1330.63,98.17,145.06,371.41,187.03,384.92,191.87,308.51,380.42,572.93,248.28,546.65,312.72,134.45,390.52,343.96,376.32,160.88,269.61,454.68,354.63,326.78,254.01,137.08,190.38
3/31/2008,1322.7,92.21,151.43,373.34,180.54,384.93,199.94,313.7,397.51,557.65,237.05,522.5,307.19,144.43,354.02,334.73,387.55,158.94,283.31,461.63,355.8,330.71,250.62,143.79,193.04
4/30/2008,1385.59,106.74,151.31,386.33,185.79,406.21,210.12,310.56,379.75,618.24,247.05,566.12,320.98,152.01,365.27,336.63,387.68,165.6,302.42,494.72,381.25,349.11,263.97,149.34,203.09
5/30/2008,1400.38,95.85,151.99,385.8,193.88,402.03,213.09,316.41,379.15,637.78,225.66,525.22,305.93,152.42,373.55,341.39,386.91,172.31,315.97,512.51,405.75,373.74,276.15,154.34,208.96
6/30/2008,1280,74.04,131.55,341.46,173.62,352.87,202.29,293.52,350.4,652,171.34,422.72,260.47,135.38,347.45,329.21,335.69,160.86,282.28,473.96,363.29,337.15,260.34,136.46,206.74
7/31/2008,1267.38,76.27,133.86,355.58,171.07,351.59,200.85,304.1,374.52,560.76,188.19,465.93,259.34,137.41,364.81,345.34,340.25,154.8,295.25,452.75,373.17,319.95,249.49,127.17,193.77
8/29/2008,1282.83,75.54,143,365.84,180.05,396.05,204.52,308.16,396.37,556.07,184.8,456.86,258.12,139.34,375.95,349.04,345.64,160.94,299.89,466.36,377.16,328.35,242.46,131.71,190.18
9/30/2008,1166.36,74.58,140.39,345.17,158.84,362.44,197.48,303.17,397.28,489.35,180.64,447.89,215.67,136.54,346.06,329.84,299.78,146.36,274.35,425.51,322.06,273.53,200.66,114.99,168
10/31/2008,968.75,41.79,105.82,305.38,128.06,300.7,178.04,266.94,355.51,401.21,168.02,342.1,145.14,92.73,281.83,301.96,236.86,124.27,241.59,347.4,264.16,230.5,156.16,104.04,148.06
11/28/2008,896.24,39.4,95.18,284.04,116.78,262.75,173.21,261.69,350.82,402.8,143.31,263.02,134.11,68.86,243.93,288.67,218.74,116.81,223.06,313.46,235.09,190.62,138.64,110.72,151.66
12/31/2008,903.25,36.24,97.96,311.5,120.95,279.26,173.65,260.79,341.96,386.35,137.53,250.19,148.1,77.97,263.7,306.03,222.43,121.6,213.47,318.48,236.43,201.65,137.59,111.7,147.93
1/30/2009,825.88,27.73,82.62,284.9,105.59,259.88,155.98,248.07,306.83,374.14,86.98,190.15,114.82,63.22,275.17,294.94,196.22,110.95,176.79,302.55,235.77,187.51,127.63,99.35,146.71
2/27/2009,735.09,25.08,72.15,259.29,91.47,251.79,152.87,227.79,274.26,327.54,67.84,162.21,90.26,48.58,234.03,259.84,156.39,96.23,158.03,291.59,222.7,184.13,116.34,96.53,127.71
3/31/2009,797.87,29.52,81.92,276.89,99.46,293.66,162.88,237.82,270.46,339.68,75.71,200.69,104.05,49.58,241.62,279.77,171.12,99.73,174.23,322.34,249.91,213.56,133.71,102.24,130.39
4/30/2009,872.81,53.46,102.12,301.55,119.27,339.39,169.7,240.96,284.85,356.03,97.21,239.6,123.57,66.82,256.46,269.17,204.54,114.56,196.22,357.28,285.31,231.03,153.89,104.52,130.94
5/29/2009,919.14,50.82,100.22,318.55,121.9,318.92,166.45,263.45,302.59,392.21,112.32,275.91,135.66,68.66,275.69,285.57,211.92,114.05,196.9,370.95,289.22,235.83,162.43,103.14,135
6/30/2009,919.32,52.73,96.84,314.69,123.23,322.55,164.05,266.2,302.92,373.84,106.99,275.48,130.01,65.08,282,293.18,204.12,115.14,199.66,388.03,300.54,242.41,154.48,104.18,141.9
7/31/2009,987.48,68.39,111.8,324.07,131.86,354.63,170.53,282.23,329.66,389.92,112.68,300.4,144.81,71.92,298.01,310.19,223.54,117.57,221.19,402.51,335.68,280.48,175.04,107.93,147.13
8/31/2009,1020.62,66.02,117.28,334.73,138.43,364.55,179.45,281.47,324.79,391.31,127.27,336.78,167.72,79.91,310.91,313.51,233.47,124.19,226.94,413.93,341.25,290.16,178.47,105.32,147.38
9/30/2009,1057.08,64.82,125.62,354.09,148.76,377.5,178.83,293.03,342.39,409.31,129.14,342.17,169.88,85.72,309.91,318.05,252.45,128.52,231.86,433.81,360.3,289.75,186.92,108.29,148.93
10/30/2009,1036.19,61.79,121.43,336.51,142.67,380.39,182.38,295.05,345.29,422.22,124.33,317.66,159.44,82.61,302.86,310.48,239.53,124.96,223.48,446.84,355,272.83,176.96,103.04,144.15
11/30/2009,1095.63,73.98,125.85,364.66,150.74,402.17,186.14,304.03,370.52,434.25,130.93,329.74,163.91,88.79,333.72,336.76,259.11,130.1,250.54,472.96,371.13,284.26,197.04,109.62,150.16
12/31/2009,1115.1,77.74,131.1,370.49,163.59,411.12,183.07,306.48,360.76,429.95,125.35,321.56,164.8,94.18,347.22,339.73,261.17,133.81,254.9,496.6,389.54,312.33,199.81,114.64,157.99
1/29/2010,1073.87,80.83,128.62,368.19,154.31,397.48,183.23,299.02,360.52,410.57,136.5,305.46,165.23,88.13,347.57,341.71,260.7,127.06,245.52,457.68,356.29,280.9,182.5,103.95,149.93
2/26/2010,1104.49,87.91,137.41,376.86,161.72,421.58,188.27,306.41,371.83,418.27,133.75,322.1995,171.15,93,352.96,339.13,272.16,130,260.63,466.36,374.85,299.24,190.2,102.61,147.14
3/31/2010,1169.43,93.95,146.49,405.49,177.14,449.79,194.37,320.7,377.73,430.31,148.71,348.4237,183.98,103.05,365.98,345.3,297.1,138.03,282.56,491.83,404.23,319.64,204.62,108.15,150.7
4/30/2010,1186.69,98.34,156.63,434.06,187.58,475.15,191.19,316.07,371.15,449.37,159.39,346.6729,181.05,109.69,346.92,334.13,309.36,139.18,296.76,491.49,417.05,326.57,205.47,106.64,154.37
5/31/2010,"1,089.41",86.98,146.62,405.59,173.91,443.45,180.04,301.05,357.85,396.31,141.21,313.8765,166.26,103.68,329.36,307.5,276.13,129.72,276.12,443.77,386.57,306.61,185.64,102.44,144.92
6/30/2010,1030.71,75.55,131.23,378.14,162.03,385.82,164.42,298.35,353.42,373.36,128.02,289.2785,167.42,98.31,314.94,305.79,256.43,125.06,253.91,416.06,364.13,284.15,172.46,102.04,143.44
7/30/2010,1101.6,90.42,139.42,406.11,176.64,405.06,174.28,319.34,364.29,403.14,136.12,311.1044,173.36,108.91,313.31,312.39,282.64,133.57,283.82,448.87,389.77,298.7,193.56,110.13,153.97
8/31/2010,1049.33,80.85,132.27,398.27,166.78,396.74,164.89,321.27,353.13,384.14,117.87,282.4116,167.24,107.86,296.86,312.09,259.19,124.26,273.57,428.55,355.33,264.25,188.05,112.61,155.34
9/30/2010,1141.2,89.95,150.99,429.31,178.29,457.87,183.56,336.03,359.87,419.27,125.46,299.0948,178.49,111.55,331.6,335.44,289.96,135.35,298.94,472.9,405.35,297.78,202.21,121.54,159.37
10/29/2010,1183.26,102.46,154.9,452.5,193.26,466.43,184.09,347.64,373.22,442.59,128.43,301.9867,179.17,116.15,336.94,343.03,296.68,136.64,311.25,515.06,420.63,314.64,215.5,121.4,160.85
11/30/2010,1180.55,111.34,162.33,458.66,188.66,490.45,188.08,340.98,360.96,465.21,128.98,300.3763,175.13,114.82,340.47,325.3,298.32,134.22,318.7,495.11,414.92,328.75,217.51,119.66,155.08
12/31/2010,1257.64,118.15,168.55,467.72,198.28,508.38,195.7,352.44,378.2,506.75,148.8,335.3924,188.22,120.58,359.1,337.61,323.6,145.53,330.64,526.39,434.72,337.68,239.61,128.74,159.34
1/31/2011,1286.12,115.97,166.26,456.27,203.07,498.01,197.78,342.28,371.59,543.84,151.73,346.2251,190.93,127.11,376.35,331.58,341.9,147.18,328.34,541.23,456.45,360.72,239.26,123.79,161.03
2/28/2011,1327.22,114.89,174.46,471.18,228.38,512.79,195.07,357.63,375.91,580.67,152.85,352.3371,201.68,132.81,393.54,337.99,349.45,147.72,334.27,548.09,467.22,367.32,245.23,126.68,162.26
3/31/2011,1325.83,115.58,167.14,473.61,224.66,515.75,195.57,366.09,371.79,589.31,149.42,342.3751,194.96,131.23,397.99,344.88,353.96,152.68,344.87,542.71,447.75,352.62,249.36,133.25,161.92
4/29/2011,1363.61,117.07,176.37,484.81,233.27,540.5,206.66,384.4,388.74,598.02,142.94,340.3615,199.3,137.09,419.74,368.97,363.35,156.03,355.17,559.91,453.59,376.09,254.48,134.14,168.11
5/31/2011,1345.2,113.36,177.54,499.7,230.97,532.63,211.95,391.88,401.42,570.47,140.55,325.3057,190.91,137.88,425.89,378.37,349.76,156.32,352.61,547.16,449.18,366.59,247.05,136.34,170.84
6/30/2011,1320.64,110.75,179.85,507.34,228.21,529.96,206.03,382.13,386.02,559.46,137.41,313.3934,186.88,134.06,419.59,373.81,347.16,150.88,351.31,543.26,430.44,348.74,245.93,134.34,170.03
7/29/2011,1292.28,100.46,176.62,510.06,218.71,539.16,200.11,379.45,374.97,563.02,134.74,298.4738,177.43,134.67,402.9,359.1,321.22,138.45,334.55,552.84,444.16,335.91,237.59,125.38,168.15
8/31/2011,1218.89,89.2,166.35,503.85,201.64,515.27,195.5,381.14,385.59,506.52,120.71,262.8646,164.94,126.79,384.69,354.88,298.56,137.4,309.41,521.15,417.92,306.64,221.25,123.68,170.98
9/30/2011,1131.42,76.47,156.45,469.05,183.76,492.91,188.45,363.62,379.84,442.79,113.16,219.6204,152.88,113.25,356.66,343.91,270.09,128.84,279.06,505.22,399.76,300.23,184.55,122.01,170.77
10/31/2011,1253.3,93.14,183.45,519.31,207.72,534.53,201.38,380.31,384.38,517.85,123.85,254.0752,174.97,131.06,382.15,360.41,308.1,135.43,323.67,559.2,444.69,346.45,217.03,124.16,176.78
11/30/2011,1246.96,86.48,181.62,525.28,207.26,527.43,207.87,389.6,390.29,526.41,123.54,230.8239,171.28,125.15,381.85,364.55,310.2,131.98,328.12,551.34,433.74,339.86,216.84,125.14,177.59
12/30/2011,1257.6,87.38,178.4,544.03,212.37,523.2,211.26,400.11,399.95,520.81,130.52,231.6467,170.17,130.15,380.8,380.44,313.03,136.01,329.54,541.63,436.5,332.71,211.71,129.82,182.98
1/31/2012,1312.41,96.8,195.5,554.4,225.45,554.49,214.97,391.47,384.72,528.53,137.82,259.9164,178.04,138.09,403.67,385.93,336.68,140.22,346.98,566.32,482.33,368.08,235.12,124.71,176.28
2/29/2012,1365.68,98.78,210.42,561.01,239.11,580.64,216.72,406.25,404.89,557.36,145.9,280.2208,183.75,135.74,414.68,386.24,347.98,144.26,339.28,600.3,532.41,375.05,233.84,129.35,176.27
3/30/2012,1408.47,99.49,214.03,583.93,246.71,622.38,221.38,422.85,409.02,538.43,158.01,309.9194,188.42,142.09,433.68,402.08,352.48,143.88,342.79,621.08,571.67,387.34,234.14,130.65,178.07
4/30/2012,1397.91,94.3,214.32,588.03,246.26,648.24,217.46,429.27,401.23,533.15,157.05,290.4933,188.17,145.52,423.47,404.93,347.8,141.84,341.93,619.21,552.13,375.52,231.75,136.12,181.23
5/31/2012,1310.33,88,197.88,552.62,238.34,601.44,222.92,420.71,389.28,476.51,149.51,248.1698,174.83,138.98,404.38,390.44,323.16,133.5,330.78,571.29,511.75,337.55,213.23,139.66,181
6/29/2012,1362.16,81.29,183.35,546.06,257.91,614.29,234.42,435.86,392.05,503.27,154.33,263.1945,181.91,146.68,423.72,413.9,333.18,138.96,348.18,596.97,516.55,349.93,222.94,147.14,187.8
7/31/2012,1379.32,77.13,187.04,518.34,261.66,618.52,242.76,443.69,407.7,523.7,156.07,259.219,181.9,150.42,405.9,428.1,334.79,142.65,345.26,599.86,529.61,340.79,219.97,155.2,192.51
8/31/2012,1406.58,79.48,200.97,529.79,271.78,648.26,241.87,435.52,417.75,533.54,158.89,271.587,188.76,149.14,420.67,425.78,340.89,141.32,340.11,621.93,567.69,343.53,224.9,151.3,183.27
9/28/2012,1440.67,81.87,203.05,550.71,287,655.46,248.81,435.02,428.58,551.19,163.45,286.9486,193.81,147.21,433.88,443.31,351.02,139.55,326.71,643.78,570.83,321.01,232.88,157.13,184.89
10/31/2012,1412.16,86.4,205.53,525.2,281.58,643.9,247.3,426.89,425.17,539.94,157.45,301.8186,197.37,147.43,432.02,441.42,345.16,144.9,335.01,614.69,512.95,308.35,227.64,148.95,187.44
11/30/2012,1416.18,89.3,211.76,535.21,285,675.98,245.08,437.66,429.62,530.21,153.9,298.3239,196.9,146.34,427.77,445.39,351.3,146.01,333.44,619.36,520.89,301.45,230.95,147.64,178.1
12/31/2012,1426.19,99.12,212.87,543.25,290.11,653.06,244.7,422.36,419.09,532.96,158.18,321.7205,199.72,151.26,432.16,440.87,359.3,149.52,340.42,628.75,503.25,316.67,237.62,146.04,177.66
1/31/2013,1498.11,100.53,222.29,574.98,305.82,698.13,254.91,443.86,454.85,573.41,163.99,342.5157,215.41,155.4,461.42,473.99,377.49,159.39,367.29,663.6,479.73,328.97,246.55,149.23,186.04
2/28/2013,1514.68,100.33,223.17,572.37,312.51,705.22,256.5,461.38,469.6,573.39,165.18,345.5574,219.99,156.26,459.82,482.98,384.92,161.31,377.97,669,476.19,336.09,242.27,153.05,189
3/29/2013,1569.19,105.7,233.33,601.33,333.29,726.51,276.07,481.33,478.85,583.98,171.97,359.1319,228.71,159.29,477.64,519,391.54,168.34,389.37,686.28,485.95,346.21,247.52,158.01,198.69
4/30/2013,1597.57,108.57,247.16,613.63,341.42,748.03,285.15,497.89,484.35,578.84,173.88,366.9369,234.18,170.24,483.58,537.46,386.68,168.41,391.86,701.35,474.9,362.44,248.87,167.48,210.4
5/31/2013,1630.74,118.94,246.43,604.85,345.29,786.92,281.29,482.06,477.59,590.86,185.44,403.5483,247.16,159.54,503.49,537.93,407.79,170.95,400.21,726.53,501.22,373.85,253.01,155.01,190.25
6/28/2013,1606.28,117.52,245.32,610.19,353.32,788.37,278.77,479.19,475.72,578.54,189.38,387.303,246.78,155.23,506.76,529.27,402.74,165.02,393.57,705.35,472.35,370.97,241.61,157.9,191.4
7/31/2013,1685.73,128.15,245.7,635.41,371.18,836.14,298.17,491.63,494.36,607.46,199.36,415.9709,257.86,155.13,534.7,571,427.94,171.94,406.44,715.94,514.2,376.81,254.92,156.73,199.44
8/30/2013,1632.97,126.41,238.79,617.15,358.84,809.12,281.45,469.52,476.82,594.84,189.33,390.9215,248.72,145.48,516.32,549.7,415.58,166.22,398.49,706.02,520.43,357.96,254.43,150.24,188.44
9/30/2013,1681.55,132.47,256.91,637.19,382.05,847.24,291.05,472.98,472.07,604.86,189.78,400.3255,261.79,150.14,523.21,570.95,438.93,173.24,419.56,735.07,519.83,382.8,265.01,149.3,189.84
10/31/2013,1756.54,135.84,266.87,660.85,400.07,894.63,308.47,500.05,506.43,629.49,195.66,411.3115,272.56,155.29,544.41,595.37,460.2,181.15,445.03,765.07,546.83,398.89,275.9,160.27,196.78
11/29/2013,1805.81,140.62,280.16,678.13,407.74,932.78,319.66,498.04,524.1,632.66,203.06,439.489,284.5,147.53,573.37,619.73,473.63,188.06,466.64,795.4,570.31,399.22,278.88,156.05,192.17
12/31/2013,1848.36,138.98,285.07,685.47,430.25,939.8,317.76,507.57,509.56,651.67,209.2,448.5028,289.1,148.95,576.45,624.24,494.76,192.92,479.61,833.44,585.15,422.55,291.64,155.52,193.21
1/31/2014,1782.59,129.73,264.86,656.21,412.8,867.63,302.24,479.11,484,610.44,208.1,426.8742,266.53,153.24,575.94,632.52,470.14,182.96,467.97,827.65,553.2,409.2,278.04,149.05,198.77
2/28/2014,1859.45,136.26,280.9,680.51,435.02,936.81,321.55,492.15,494.66,638.36,213.95,437.9232,276.02,158.93,600.91,674.97,489.47,187.12,474.94,866.2,573.97,427.46,296.64,147.5,204.33
3/31/2014,1872.34,134.44,275.6,685.5,421.81,889.97,322.01,505.5,503.6,652.9,224.05,451.9713,280.1,159.26,611.35,656.05,490.97,186.15,490.42,847.91,591.19,444.82,298.35,154.39,210.64
4/30/2014,1883.95,135.85,270.95,679.52,422.51,858.45,328.18,520.48,518.26,686.29,212.89,446.0865,283.55,164.9,585.61,663.41,497.79,191.2,497.95,829.1,617.86,442.54,300.42,155.04,219.49
5/30/2014,1923.57,138.6,275.92,695.94,439.59,877.55,330.53,537.65,513.53,693.46,214.27,452.2265,285.75,169.94,619.47,670.83,500.81,195.96,526.9,848.61,650.8,457.24,308.93,160.29,215.87
6/30/2014,1960.23,143.45,275.44,711.13,450.5,888.66,327.48,538.62,503.77,727.63,219.85,464.2294,293.87,169.79,631.58,685.06,498.86,203.06,531.42,858.3,662.33,498.35,313.44,158.25,224.93
7/31/2014,1930.67,136.77,266.2,687.94,452.97,882.85,322.25,515.58,486.88,702.87,216.76,459.2466,281.49,170.46,631.7,684.78,474.52,199.91,520.21,873.24,669.97,501.51,307.19,162.31,209.38
8/29/2014,2003.37,140.41,276.64,696.57,462.4,955.71,325.32,544.9,515.34,715.72,222.85,482.4526,296.73,175.99,653.7,721.05,493.07,207.2,541.91,894.81,703.56,527.37,318.09,160.57,218.7
9/30/2014,1972.29,123.83,278.58,694.63,448.64,930.72,327.44,545.04,517.89,661.05,225.8,483.9191,290.36,166.52,641.63,730.59,482.17,204.31,554.42,895.23,688.06,527.28,312.57,161.13,213.99
10/31/2014,2018.05,126.66,290.64,690.51,457.41,954.18,342.16,560.55,536.83,641.32,229.02,494.0324,297.86,181.23,689.3,761.85,497.76,206.74,587.15,898.99,718.62,524.34,304.39,160.83,230.93
11/28/2014,2067.56,136.18,311.81,724.31,471.98,1011.35,374.49,584.25,556.18,584.58,231.09,509.59,303.47,187.08,719.18,782.03,509.2,208.64,617.09,922.86,771.58,567.51,308.03,162.61,232.61
12/31/2014,2058.9,135.54,307.1,715.15,478.28,1032.73,384.56,561.56,558.62,586.59,236.95,516.5179,307.04,187.89,722.44,763.65,504.36,215.29,622.12,916.05,745.46,560.58,305.28,152.55,240.14
1/30/2015,1994.99,127.99,297.59,713.95,442.67,1030.3,385.88,561.62,523.22,557.95,211.68,476.5032,280.42,198.78,728.41,773.88,486.34,211.74,593.1,870.61,736.16,522.22,299.22,149.13,245.77
2/27/2015,2104.5,142.77,311.96,754.28,487,1120.6,402.62,588.12,536.37,577.51,229.21,506.627,301.48,192.67,774.22,797.8,515.57,223.56,606.78,932.36,805.05,558.89,322.61,158.95,228.67
3/31/2015,2067.89,141.89,310.82,752.48,479.11,1118.79,402.9,568.1,520.37,565.76,226.85,500.1955,300.59,193.24,791.28,797.98,504.58,224.05,575.31,913.08,765.3,534.52,306.51,152.93,225.68
4/30/2015,2085.51,138.68,299.45,747.97,489.74,1118.68,383.79,576.01,508.04,602.89,231.65,503.0587,299.36,183.94,771.02,791.46,507.29,214.28,570.24,946.56,774.08,532.2,315.93,160.09,224.58
5/29/2015,2107.39,139.75,298.1,761.26,497.56,1132.65,383.34,585.17,504.83,571.41,237.48,512.3646,303.73,182.74,809.51,823.08,514.15,217.11,543.3,948.88,795.26,575.22,316.72,157.11,224.68
6/30/2015,2063.11,134.92,306.13,765.23,501.66,1137.36,376.06,569.41,499.98,551.11,242.22,501.9258,306.47,174.21,813.08,816.12,502.5,209.1,520.93,925.91,753.18,518.67,303.52,153.47,210.56
7/31/2015,2103.84,128.67,316.96,809.6,517.32,1227.2,399.71,606.24,504.25,508.05,249.72,505.5156,321.57,183.62,819.34,846.45,497.29,219.16,536.22,994.39,746.33,489.43,288.24,151.71,223.22
8/31/2015,1972.18,120.21,305.89,759.9,445.72,1193.92,367.04,579.4,465.89,484.21,230.65,471.5845,298.38,173.69,769.75,770.1,470.82,210.02,497.6,939.19,691.06,477.58,271.59,146.61,214.28
9/30/2015,1920.03,119.59,303.06,769.68,442.31,1175.46,361.07,581.43,474.22,451.33,220.34,451.4237,289.96,176.77,727.37,723.88,458.59,206,497.1,932.42,674.81,482.29,250.9,141.19,219.82
10/30/2015,2079.36,130.97,315.49,827.58,491.41,1287.68,361.29,627.79,502.38,502.11,232.08,476.7511,312.99,188.95,763.76,789.54,505.84,214.65,531.57,1046.71,729.8,529.59,284.64,149.37,222.13
11/30/2015,2080.41,132.55,316.22,809.74,482.6,1296.35,359.27,617.65,496.76,498.26,239.85,483.447,317,187.15,758.26,785.26,512.45,215.26,523.01,1065.39,708.81,550.4,286.31,147.38,216.01
12/31/2015,2043.94,125.55,300.37,812.43,450.91,1283.47,372,625.09,522.2,448.44,234.24,463.5018,307.71,190.22,776.39,794.91,505.1,210.78,497.69,1062.46,660.55,544.19,273.64,149.91,220
1/29/2016,1940.24,106.67,293.56,802.12,441.72,1190.58,365.28,630.5,532.06,434.67,206.48,421.0773,287.18,181.44,724.95,730.08,478.01,207.82,453.81,1034.26,604.65,502.67,244.59,158.12,230.77
2/29/2016,1932.23,109.92,302,790.17,441.47,1189,368.34,630.85,527.92,423.54,192.2,418.9419,281.55,179.04,736.99,716.27,490.49,212.46,485.98,999.79,618.74,496.86,262.46,162.38,233.94
3/31/2016,2059.74,119.92,315.57,836.35,469.17,1271.47,384.43,660.28,545.38,462.41,203.01,446.992,302.15,197.16,765.87,729.87,525.46,227.63,518.02,1082.64,689.22,537.95,281.81,172.55,251.93
4/29/2016,2065.3,119.7,308.12,805.41,479.5,1282.31,368.25,660.08,532.97,502.42,216.87,463.902,307.1,192.65,793.92,747.7,533.99,223.07,513.56,1044.54,617.72,514.22,295.62,167.13,245.76
5/31/2016,2096.96,118.47,299.25,793.46,480.22,1299.85,370.76,663.88,537.17,496.54,221.25,468.4245,318.28,195.2,800.56,767.28,529.09,232.78,502.37,1089.58,657.25,553.66,293.99,167.07,248.16
6/22/2016,"2,085.45",115.78,302.86,796.51,474.99,1281.29,376.9,679.54,554.43,508.02,207.91,449.76,308.83,199.14,815.16,749.93,535.47,235.15,495.92,1058.77,640.06,557.47,297.82,175.95,255.05